chunk_size,eps,c2,runtime_sec_mean,runtime_sec_std,memory_mean,memory_std,cost_sse_mean,cost_sse_std,quality_mean,quality_std,r_mean,r_std,avg_update_ms_mean,avg_update_ms_std,points_seen_mean,ari_mean,nmi_mean,quality_norm,runtime_norm,memory_norm,tradeoff_score
1024,2.5,2.0,0.10029789999437828,0.01936595300864553,1016.0,0.0,35524.066797587955,2633.1592832483648,0.7597593121300313,0.009910815485322976,3.0,0.0,8.00179333309643,0.9444947288164935,10000.0,0.620436533729634,0.7597593121300313,1.0,0.07405535653208173,0.125,0.4502361608669796
1024,2.5,3.0,0.09142729999924389,0.01002272802201425,1120.0,0.0,36465.31564715283,2364.127580749303,0.735270777053214,0.021480330708249215,4.0,0.0,7.634663332525331,0.7898674254683858,10000.0,0.5850049104120251,0.735270777053214,0.849327047999832,0.0316967615800945,0.25,0.3542393336048924
1024,1.5,2.0,0.12952780000826655,0.028408399858804202,1536.0,0.0,34749.860015018414,1357.2450134378098,0.7596141263606646,0.0021943992708320817,8.0,0.0,11.005856663299104,2.988735265199577,10000.0,0.6253389994961885,0.7596141263606646,0.9991067016303637,0.21363300582914263,0.75,0.2586450993578962
1024,1.5,3.0,0.10745239999960177,0.02230498498689283,1744.0,0.0,33847.80725962979,553.6424251274241,0.7547281247871552,0.015711516308117675,10.0,0.0,8.957709997775964,2.1528825126001196,10000.0,0.6159748771707051,0.7547281247871552,0.9690441324220058,0.1082192877172868,1.0,0.20746724428168123
1024,1.5,1.0,0.29420623333620216,0.2792882250977365,1120.0,0.0,36465.31564715283,2364.127580749303,0.735270777053214,0.021480330708249215,4.0,0.0,27.109466668722842,27.19467662713222,10000.0,0.5850049104120251,0.735270777053214,0.849327047999832,1.0,0.25,0.11216352399991603
1024,3.5,1.0,0.08478946667552616,0.01530658514813372,912.0,0.0,83347.61782487603,43681.96329307127,0.5972315674238012,0.13701994137867657,2.0,0.0,7.108600005934325,1.305138818704315,10000.0,0.42839462498077213,0.5972315674238012,0.0,0.0,0.0,0.0
1024,3.5,3.0,0.10507113333248223,0.01029420136558357,912.0,0.0,83347.61782487603,43681.96329307127,0.5972315674238012,0.13701994137867657,2.0,0.0,8.39039333028874,0.6849668423555832,10000.0,0.42839462498077213,0.5972315674238012,0.0,0.09684834209010133,0.0,-0.024212085522525333
1024,2.5,1.0,0.10909939999692142,0.040047278714827626,912.0,0.0,83347.61782487603,43681.96329307127,0.5972315674238012,0.13701994137867657,2.0,0.0,9.225039999000728,3.7705656868764517,10000.0,0.42839462498077213,0.5972315674238012,0.0,0.11608398749076929,0.0,-0.02902099687269232
1024,3.5,2.0,0.12279766667052172,0.0053560266150809,912.0,0.0,83347.61782487603,43681.96329307127,0.5972315674238012,0.13701994137867657,2.0,0.0,10.428279999177903,0.49629869408307004,10000.0,0.42839462498077213,0.5972315674238012,0.0,0.18149549628268946,0.0,-0.045373874070672365
